1,k10010986121000,2017-05-22,おいしくて香りがいい日本酒は福島県が今年いちばん多い,おいしくて香りなどがすばらしい今年の日本酒を決める会がありました。日本中から８６０の日本酒が集まりました。特にすばらしい日本酒は「金賞」という賞をもらいます。福島県は２２の酒が金賞をもらって、５年続けて日本でいちばん多くなりました。次は宮城県で２０の酒、その次は秋田県で１６の酒が金賞をもらいました。福島県によると、今までに５年続けていちばんになったのは広島県と福島県だけです。福島県の食べ物や飲み物は、２０１１年に原子力発電所の事故があったため、安全ではないと思っている人がいます。福島県は、県の日本酒が安全でおいしいことを日本や外国の人たちにもっと知ってほしいと言っています。,http://www3.nhk.or.jp/news/html/20170518/k10010986121000.html
2,k10010984931000,2017-05-22,銀座のデパート「女性と子どもの浴衣をたくさん売りたい」,もうすぐ浴衣を着る人が増える季節になります。東京の銀座にあるデパートは、浴衣の特別な売り場を作りました。社員たちが涼しそうな色の浴衣を着てファッションショーも行いました。このデパートは、保育園などの行事で子どもと一緒に浴衣を着る人が増えていると考えています。そして、大人と同じ模様の子どもの浴衣や、子どもが着やすい浴衣をたくさん売っています。３歳の孫と一緒に来た女性は「家族で浴衣を着て花火を見に行きたいです」と話していました。銀座にある別のデパートは、食事に行くときなど普通の日でも着ることができる女性の浴衣をたくさん用意しています。かたい帯を上手に結ぶことができない若い女性が多いため、柔らかい帯を去年より３０％増やしたと言っています。,http://www3.nhk.or.jp/news/html/20170517/k10010984931000.html
3,k10010986471000,2017-05-19,東京都　豊洲市場を安全にするための案を専門家が説明,東京都の築地市場は古くなったため、新しい豊洲市場に引っ越す予定です。しかし、豊洲市場の地下から体に悪い物質が見つかったため、引っ越すことができなくなっています。東京都は１８日、市場を安全にするために専門家たちが考えた案を、築地市場で働いている人などに説明する会議を開きました。専門家は、地下の土に特別なシートやコンクリートをかぶせる案を説明しました。そのほか、地下から出てくる水を建物の外にしっかり出すと説明しました。しかし築地市場で働いている人などは、体に悪い物質を国が決めた基準より少なくするという約束を、東京都が守るかどうか強く聞きました。東京都の責任者は「今日は専門家の案を聞くための会議です」と言いました。このため、会議は途中で終わりました。東京都は今も、体に悪い物質がどのぐらいあるか豊洲市場の地下の水を調べています。,http://www3.nhk.or.jp/news/html/20170518/k10010986471000.html
4,k10010985571000,2017-05-19,北朝鮮とロシアの間を船が１週間に１回往復する,北朝鮮の船が、北朝鮮のラジン港とロシアのウラジオストク港との間を１週間に１回、往復することになりました。この船は２００人の客と１５００ｔの荷物を運ぶことができて、マンギョンボン号という名前です。１８日の朝、最初の船がウラジオストク港に着きました。船には北朝鮮の隣の中国からの客などが１０人ぐらい乗っているだけで、荷物はありませんでした。これからはロシアから食べ物や自動車を運んで、北朝鮮からロシアに働きにくる人もたくさん利用すると、ロシアの船の会社は言っています。北朝鮮が何度もミサイルを発射しているため、世界の国は北朝鮮との貿易などをやめようとしています。しかし、ロシアは北朝鮮との関係を強くしているように見えます。日本の政府はロシアに、北朝鮮と関係を強くしないように伝えると言っています。,http://www3.nhk.or.jp/news/html/20170518/k10010985571000.html
5,k10010986151000,2017-05-19,オリンピックのメダルを作る携帯電話などが３万個集まる,２０２０年に東京でオリンピックとパラリンピックがあります。この２つの大会のメダルは、使わなくなった携帯電話やデジタルカメラなどの中の金属から作ります。このため、東京都は今年２月から都庁に箱を置いて、使わなくなった携帯電話などをみんなから集めています。都庁に集まった携帯電話などが５月１０日に３万個になりました。東京都の小池知事は「これからも協力をお願いします」と言いました。２つの大会では５０００個のメダルを用意する予定で、携帯電話だと２０００万台が必要です。東京都は携帯電話などがもっと集まるように、５月１８日から箱を置く場所を都庁の玄関に変えました。東京都以外でも、たくさんの市や区や町が携帯電話などを集め始めています。,http://www3.nhk.or.jp/news/html/20170518/k10010986151000.html
6,k10010985081000,2017-05-19,子どもが海などで亡くなる事故は５月から増える,消費者庁によると、２０１０年から２０１４年に海や川、プールなどで１４歳以下の子どもが溺れて亡くなった事故は２０２件ありました。この中でいちばん多かったのは７歳の子どもで２３件でした。次が６歳で２０件、その次が８歳で１６件でした。たくさん動くようになる５歳以上の子どもの事故が多くなっています。海などで子どもが亡くなる事故は、５月から９月に多くなっています。消費者庁は、海や川に遊びに行くときは必ず大人も一緒に行って、子どもをよく見ているように言っています。急に雨が降ることがあるので天気に気をつけて、水に浮かぶライフジャケットを着るように言っています。,http://www3.nhk.or.jp/news/html/20170517/k10010985081000.html
7,k10010984951000,2017-05-19,中国　香港とマカオと広東省の間に橋をつくる,中国はいま、香港とマカオと広東省珠海の間に長さ５５ｋｍの道路をつくっています。その間にある海では、大きな橋や海の底を通るトンネルなどをつくります。工事にかかるお金は日本のお金で１兆８０００億円ぐらいです。広東省の政府は１７日、長さ２２．９ｋｍの大きな橋をつくっているところを見せました。この橋は今年の終わりまでにできる予定です。橋の上では広い道路をつくる工事をしていました。香港とマカオの間は、いま車で４時間ぐらいかかりますが、この橋ができると３０分ぐらいで行くことができるようになります。道路ができたら、人や物がたくさん通るようになって、経済ももっとよくなりそうです。,http://www3.nhk.or.jp/news/html/20170517/k10010984951000.html
8,k10010985591000,2017-05-18,新聞などがトランプ大統領の問題を続けて伝える,トランプ大統領は５月９日に、ＦＢＩの長官のコミーさんをやめさせました。アメリカの新聞などは１６日、トランプ大統領がコミーさんに、大統領の補佐官だったフリンさんとロシアの関係について調べないように言ったと伝えました。新聞などは、フリンさんがロシアにお金をもらったり払ったりした可能性についてＦＢＩが調べていたため、大統領が邪魔をしたと言っています。与党の共和党は、新聞などが伝えていることが本当かどうか聞くためにコミーさんを議会に呼ぶよう言いました。そしてＦＢＩにも、コミーさんとトランプ大統領が話したときのメモを出すように言いました。新聞などは、トランプ大統領がロシアのラブロフ外相に、イスラエルから聞いた秘密の情報を話したとも伝えました。そして、アメリカとイスラエルの関係が悪くなるかもしれないと言っています。アメリカの政府は、新聞などが伝えている問題は本当ではないと言っています。,http://www3.nhk.or.jp/news/html/20170518/k10010985591000.html
9,k10010985021000,2017-05-18,福井県にある高浜原子力発電所の４号機が運転を始める,関西電力は１７日午後５時、福井県にある高浜原子力発電所の４号機の運転を始めました。４号機は２２日から電気を作り始める予定です。関西電力は去年２月にも４号機の運転を始めましたが、３日後に原子炉が止まるトラブルがありました。そのあと、裁判所が４号機を運転しないように命令を出したため、４号機は１年３か月止まっていました。関西電力は「安全をいちばん大切に考えて、原子力発電所を運転していきます」と言っています。ほかに動いている原発は、鹿児島県にある川内原発の２つと愛媛県にある伊方原発の１つです。日本で動いている原発は、全部で４つになりました。,http://www3.nhk.or.jp/news/html/20170517/k10010985021000.html
10,k10010985181000,2017-05-18,４００種類以上のビールを楽しむイベントが始まる,世界の「クラフトビール」を楽しむイベントが１７日から埼玉県のさいたま新都心駅の前の広場で始まりました。クラフトビールは小さい工場でつくったビールで、いろいろな味を楽しむことができます。今年は日本や外国の４００種類以上のクラフトビールを会場で売っています。ベルギーのビールの売り場にはいろいろな形のグラスがあって、ビールの種類で使うグラスをかえています。ベルギーで飲んでいる気分になるようです。大阪の「箕面ビール」は苦い味を楽しむことができます。世界でも有名なビールのコンクールで賞をもらいました。１７日は少し寒い日でしたが、会場では仕事が終わった会社員などがおいしそうにビールを飲んでいました。このイベントは２１日までです。,http://www3.nhk.or.jp/news/html/20170517/k10010985181000.html
11,k10010984091000,2017-05-18,インドネシア　珍しい白いオランウータンが見つかる,インドネシアのカリマンタン島で、体の毛や皮膚が白いオランウータンが見つかりました。島の人がこのオランウータンを捕まえていましたが、動物を守る仕事をしている団体が世話をすることになりました。このオランウータンは５歳ぐらいの雌です。生まれたときから白かったようで、団体はとても珍しいと言っています。団体は、このオランウータンの名前をみんなに考えてもらうことにしました。３４００以上集まった名前の中から「アルバ」に決めました。この名前はラテン語で「白」という意味です。,http://www3.nhk.or.jp/news/html/20170516/k10010984091000.html
12,k10010984211000,2017-05-18,気象庁　大雨などに気をつける時間をわかりやすく伝える,気象庁は、大雨や洪水の警報などを発表するとき、気をつけなければならない時間を「今夜遅くまで」などと文で伝えていました。気象庁は１７日から、気をつけなければならない時間を色を使って、ウェブサイトで伝えています。今までよりわかりやすくするために、２４時間を３時間ずつに分けています。注意報が出て注意が必要な時間は「黄色」にします。警報が出て危険に気をつけなければならない時間は「赤」にします。雨などがもっとひどくなりそうな場合には特別警報が出て、最も気をつけなければならない時間は「紫」にします。気象庁は「危険な時間などが見てすぐわかるので、安全を考えて早く行動するようにしてください」と言っています。,http://www3.nhk.or.jp/news/html/20170517/k10010984211000.html
13,k10010983991000,2017-05-17,天皇陛下の孫の眞子さまが結婚の予定,天皇陛下の孫の眞子さまが、大学のときの友達と結婚する予定だとわかりました。眞子さまは、天皇陛下の２番目の息子の秋篠宮さまの長女で、２５歳です。結婚する予定の男性は横浜市に住んでいる小室圭さんです。今、法律事務所で働いています。眞子さまは大学を卒業したあと、イギリスに留学して博物館について勉強しました。去年から東京大学の博物館で研究員の仕事をしています。眞子さまと小室さんは５年ぐらい前に初めて会って、交際を続けていました。２人の結婚は来年になりそうです。,https://www3.nhk.or.jp/news/html/20170516/k10010983991000.html
14,k10010984271000,2017-05-17,マカオ　カジノのゲームの機械を紹介するイベント,カジノは、お金を賭けてルーレットなどのゲームで遊ぶ場所です。カジノにあるゲームの新しい機械を紹介するイベントが、中国のマカオで始まりました。イベントには世界の１８０の会社が集まっています。日本では今、カジノは禁止になっています。しかし、去年、新しい法律ができたため、日本でもこれからカジノを作ることができるかもしれません。このため、いろいろな国の会社が、日本でカジノで使う機械などを売りたいと考えています。しかし、日本ではカジノに反対する人も大勢います。お金を賭けるゲームをやめることができない病気になる人が増える心配があるからです。マカオにあるカジノの会社は「できるだけ病気にならないようにする方法があるので、日本でもカジノを作りたいです」と言っています。,http://www3.nhk.or.jp/news/html/20170517/k10010984271000.html
15,k10010983851000,2017-05-17,家庭の貯金や株が４年続けて増える,総務省によると、去年１年の２人以上の家庭の貯金や株などは、平均で１８２０万円でした。おととしより１５万円増えました。４年続けて増えていて、今まででいちばん多くなりました。家庭の代表の「世帯主」が４０歳より若い家庭では、おととしより少なくなって５７４万円でした。しかし、４０代の家庭は１０６５万円、５０代の家庭は１８０２万円で増えました。総務省は「５０代の家庭で貯金などが増え続けています。年をとってから心配しなくてもいいように準備しているようです」と話しています。家庭の借金は平均で５０７万円で、前の年より８万円増えました。この中の９０％ぐらいは、家を買うために借りたお金です。,http://www3.nhk.or.jp/news/html/20170516/k10010983851000.html?utm_int=nsearch_contents_search-items_001
16,k10010981571000,2017-05-17,イギリスの１０１歳３８日の男性がスカイダイビング,１４日、イギリスの男性のベルダン・ヘイズさんが１０１歳３８日でスカイダイビングをしました。ヘイズさんは小さい飛行機に乗って、４６００ｍの高さまで行きました。そして、スカイダイビングの先生と一緒に空に出たあと、パラシュートを開いて、ゆっくり下まで降りました。ヘイズさんは、スカイダイビングをした人の中で、世界でいちばん年が上の人になりました。今まではカナダの男性で、１０１歳３日でした。ヘイズさんは、１００歳の誕生日に初めてスカイダイビングをしました。「１０２歳や１０３歳でもやってみたいです」と話していました。,http://www3.nhk.or.jp/news/html/20170515/k10010981571000.html
17,k10010981801000,2017-05-17,郵便局　６２円のはがきと切手を売り始める,６月１日からはがきを送るときの料金が１０円上がって、６２円になります。５月１５日から、郵便局などで新しい６２円のはがきと切手を売り始めました。日本郵便は、はがきなどを送る人が少なくなっていて、働く人の給料も上がっているため、料金を上げると言っています。封筒や本などを送るときの料金も、重さや大きさで８０円から１５０円高くなる場合があります。正月のあいさつに送る年賀状のはがきは、５２円のままです。,http://www3.nhk.or.jp/news/html/20170515/k10010981801000.html
18,k10010982311000,2017-05-16,地球にぶつかる危険がある小惑星について話し合う,小惑星は太陽の周りを回っているとても小さな星です。国際天文学連合によると、地球にぶつかる危険がある小惑星は、今までに１万６０００個以上見つかっています。２０１３年にはロシアに２０ｍぐらいの大きさの小惑星が落ちて、約１５００人がけがをしました。東京で１５日、地球にぶつかる危険がある小惑星について話し合う会議が始まりました。２４の国から宇宙の研究をしている人など約２００人が出席しました。会議では、ＪＡＸＡの吉川真さんが「今はアメリカなどが地球にぶつかる危険がある小惑星を調べていますが、十分ではありません。日本やアジアの国もしっかり調べる必要があります」と話しました。この会議は１９日までです。,http://www3.nhk.or.jp/news/html/20170515/k10010982311000.html
19,k10010982951000,2017-05-16,痴漢をしたと言われた男性が電車にぶつかって亡くなる,１５日の夜、横浜市にある青葉台駅で、男性が線路に降りて、電車にぶつかって亡くなりました。警察によると、この男性は別の電車に乗っていたとき、女性の体を触って痴漢をしたと言われて電車から降ろされました。そのあと男性は線路に飛び降りました。警察は、男性が逃げようとして、駅に入ってきた電車とぶつかったと考えています。東京では最近、痴漢をしたと言われた人が線路に降りて逃げる事件が増えています。電車の会社は「危険なので、決して線路に降りないでください」と言っています。,http://www3.nhk.or.jp/news/html/20170515/k10010982951000.html
20,k10010981871000,2017-05-16,京都で「葵祭」　平安時代の着物を着た人たちが町を歩く,京都で有名なお祭りの１つの「葵祭」が１５日にありました。このお祭りは１４００年ぐらい前、天皇が米などがたくさん取れるように祈ったことから始まったと言われています。お祭りでは、平安時代の着物を着て、葵の葉の飾りを付けた５００人ぐらいが列になって、昔天皇が住んでいた京都御所を出発しました。そして、下鴨神社と上賀茂神社までの道をゆっくり歩きました。今年は道に５万人ぐらいが来て、お祭りを楽しんでいました。滋賀県から来た女性は「初めて見て、とても感動しました」と話していました。,http://www3.nhk.or.jp/news/html/20170515/k10010981871000.html
21,k10010980121000,2017-05-16,コンゴ民主共和国でエボラ出血熱　１人が亡くなる,「エボラ出血熱」はエボラウイルスというウイルスでうつって、亡くなる可能性がとても高い病気です。アフリカの中部にあるコンゴ民主共和国で、エボラ出血熱になった人が見つかりました。ＷＨＯなどによると、エボラ出血熱になった可能性がある人が４月２２日から９人見つかっていて、この中の３人が亡くなりました。３人の中の１人からエボラウイルスが見つかっています。アフリカでは西側にある３つの国で、２０１４年から２年ぐらいエボラ出血熱になる人がとても増えて、１万１０００人以上が亡くなりました。コンゴ民主共和国でも、２０１４年に４０人以上が亡くなりました。コンゴ民主共和国の政府などは、この病気が世界に広がらないようにしなければならないと言っています。,http://www3.nhk.or.jp/news/html/20170513/k10010980121000.html
22,k10010980631000,2017-05-16,長野県　山に登る外国人を案内する「通訳案内士」ができる,「通訳案内士」は、日本を旅行する外国人を外国語で案内する仕事をします。国の試験に合格した人がなりますが、決められた場所だけで仕事をする場合は試験を受けなくても仕事ができます。長野県では、県にある山だけで仕事をする通訳案内士が初めてできました。２か月の研修が終わって、全部で１０人が英語や中国語の通訳案内士になりました。長野県は、１年に２万６０００人以上の外国人が県にある山に来ると考えています。通訳案内士は、外国人と一緒に山に登って、山の歴史や自然などを説明します。長野県は、案内してほしいという人がたくさんいたら、通訳案内士をもっと増やすことも考えています。,http://www3.nhk.or.jp/news/html/20170514/k10010980631000.html
23,k10010981601000,2017-05-15,サイバー攻撃　世界中のコンピューターに大きな被害,先週の終わりから世界中で「サイバー攻撃」があって、コンピューターに被害があった病院や会社などは仕事ができなくなって困っています。このサイバー攻撃は、ほかのコンピューターにウイルスを入れてファイルを利用できなくして、また利用したいなら金を払えと言ってきます。ウイルスは「ウィンドウズ」というＯＳ（基本ソフト）の弱い部分から入ってきます。ヨーロッパの警察は１４日、サイバー攻撃の被害は１５０以上の国で２０万件あって、これからもっと増えるだろうと言いました。日本でも被害が出てきています。情報処理推進機構によると、今までもらったことがないようなメールは、役所からと書いてあってもうそのメールかもしれません。一緒に送ってきたファイルを開けてはいけません。そして、ウィンドウズを使っている人は弱い部分を直すプログラムを入れたほうがいいです。被害があったら、次のウェブサイトで相談できます。http://www.ipa.go.jp/security/anshin/,http://www3.nhk.or.jp/news/html/20170515/k10010981601000.html
24,k10010980371000,2017-05-15,寄生虫のアニサキスが原因の食中毒が増えている,アニサキスという寄生虫が原因で食中毒になる人が増えています。アニサキスは魚などの体にいる寄生虫です。長さは２ｃｍ〜３ｃｍで、糸のように見えます。サバやアジ、イカなどの体の中にいて、刺身やサバで作ったしめさばなどから見つかっています。アニサキスが人の体に入ると、胃や腸が傷ついて、しばらくの間、おなかがとても痛くなったり、吐いたりします。厚生労働省によると、アニサキスが原因で食中毒になった人は、今年は４月の終わりまでに３２人いました。２０１３年に調べ始めてから増えていて、去年は１２６人いました。しかし、国立感染症研究所は１年に７０００人以上いる可能性があると考えています。アニサキスがいる魚などは、７０℃以上で焼いたり煮たりするか、－２０℃以下で２４時間以上冷凍すると、食べても問題はありません。厚生労働省は、魚を売る店や食堂などに、魚などをしっかりチェックするように言っています。,http://www3.nhk.or.jp/news/html/20170513/k10010980371000.html
25,k10010981731000,2017-05-15,北海道釧路市　日本でいちばん遅く桜が咲いた,北海道の釧路地方気象台は、毎年、釧路市にある公園の「エゾヤマザクラ」という桜を調べて、花が咲くとみんなに知らせています。１４日、この桜に５つ以上の花が咲いていたため「釧路市で桜が咲きました」と発表しました。この日は少し寒くて４月の終わりごろの気温でした。公園に来た女性は「まだ寒いので桜が咲いたと聞いて驚きました。早くたくさん咲いてほしいです」と話していました。今年日本でいちばん早く桜が咲いたのは沖縄県那覇市で、１月１４日でした。そのあとほかの所でもだんだん咲いていって、４か月後、最後に釧路市で咲きました。,http://www3.nhk.or.jp/news/html/20170515/k10010981731000.html
26,k10010978551000,2017-05-15,病院などで毛を抜くときはやけどなどの危険がある,国民生活センターによると、病院やエステティックサロンなどで腕や足などの毛を抜いて、やけどなどをしたという相談が、５年で９６４件ありました。この中には、やけどなどを治すために１か月以上かかった人や、毛を抜いたところの肌の色が変わった人もいました。相談をした人の多くは、毛を抜くときにやけどなどをする危険があることを病院などから聞いていませんでした。エステティックサロンがやってはいけない方法で毛を抜いたため、やけどなどをした人もいました。国民生活センターは病院などに、毛を抜くときはやけどなどをする危険があることを客によく説明するように言っています。客も危険があることを理解して利用してほしいと言っています。,http://www3.nhk.or.jp/news/html/20170512/k10010978551000.html
27,k10010977341000,2017-05-15,マイクロソフト　話したことをすぐに翻訳するサービス,アメリカの会社のマイクロソフトは、コンピューターが自分で考える「人工知能」という技術を使った新しいサービスを作りました。会社が開いたイベントで発表しました。このサービスを利用すると、話したことをすぐに日本語など６０以上のことばに翻訳することができます。会議でみんなに話をするときなどに便利です。イベントでは、マイクロソフトの人がスペイン語で話すと、すぐに会場の大きな画面に英語の翻訳が出ました。新しいサービスは、インターネットを使って自分のコンピューターやスマートフォンで利用することができます。,http://www3.nhk.or.jp/news/html/20170511/k10010977341000.html
28,k10010977661000,2017-05-12,自動車などの新しい模型を紹介する「静岡ホビーショー」,模型を作っている会社が新しい商品を紹介する「静岡ホビーショー」が１１日から静岡市で始まりました。日本の７８の会社が、自動車や電車などの模型を紹介しています。静岡県の会社は、モーターで走る自動車の模型を今までより軽くして、もっと速く走るようにしました。会社は、昔この模型で遊んだ人たちが今お父さんになって、また人気が出ていると言っています。会場にはほかに、有名な彫刻家の作品や盆栽の模型などもあります。来た人たちは、模型を近くで見て細かい所をチェックしていました。「静岡ホビーショー」は１４日までです。,http://www3.nhk.or.jp/news/html/20170511/k10010977661000.html
29,k10010978261000,2017-05-12,「パラリンピックのためにホテルを使いやすくしてほしい」,２０２０年に東京でパラリンピックがあります。国際パラリンピック委員会の責任者のハビエル・ゴンザレスさんは、パラリンピックの準備について話し合うために日本に来ました。１１日、ゴンザレスさんは話し合いのあと、記者たちに「日本では多くの人がパラリンピックに興味を持っています。しかし、体に障害のある人が使いやすいホテルはたくさんありません。車いすに乗っている人などが使いやすい部屋を安く、簡単に予約できるようにしてほしいです」と話しました。,http://www3.nhk.or.jp/news/html/20170511/k10010978261000.html
30,k10010978641000,2017-05-12,アメリカ　長官に何度も質問した記者を逮捕する,９日、アメリカのウェストバージニア州に来たプライス厚生長官に、男性の記者が医療保険について質問しました。しかし、長官は質問に答えませんでした。このため記者が長官に何度も質問していると、警察が記者を逮捕しました。記者は８時間あとに日本のお金で約５７万円を払って、自由になりました。警察は、記者が大きな声で騒いだため逮捕したと言っています。しかし記者は「質問に答えてもらおうとしていただけです」と話しています。人権を守る活動をしているアメリカ自由人権協会は、この逮捕はトランプ大統領が新聞やテレビを攻撃していることと関係があると思うと言っています。,http://www3.nhk.or.jp/news/html/20170512/k10010978641000.html
31,k10010976051000,2017-05-12,気仙沼港に今年初めてかつおを取った船が入る,１０日の朝、宮城県の気仙沼港に約８ｔのかつおを取った青森県の船が入ってきました。今年はいつもの年より２週間ぐらい早くかつおの漁が始まりました。港では、かつおを同じぐらいの大きさや重さに分けていました。かつおを取ってきた船の人は「今日のかつおは脂がたくさんあっておいしいです。皆さんにいっぱい食べてもらいたいです」と話していました。気仙沼港は２０１１年の東日本大震災のとき、津波で大きな被害がありましたが、３か月で直しました。そして去年、２０年続けて日本でいちばんたくさん生のかつおが集まった港になりました。,https://www3.nhk.or.jp/news/html/20170510/k10010976051000.html
32,k10010976971000,2017-05-12,国が出す北朝鮮のミサイルの情報が届かない携帯電話がある,国は、北朝鮮のミサイルが日本に飛んでくる可能性がある場合「Ｊアラート」というシステムで、みんなにすぐに危険を知らせることにしています。スマートフォンや携帯電話にも「緊急速報メール」で知らせます。しかし、最近人気がある料金が安いスマートフォンには、このメールが来ない可能性があることがわかりました。国は、このようなスマートフォンを持っている人は、「Ｊアラート」の情報が届くアプリをスマートフォンに入れるように言っています。古い携帯電話にもこのメールが来ない可能性があります。国は、市や町にメールアドレスを登録して、情報を送ってもらうようにしたほうがいいと言っています。国は、市や町と協力して情報がみんなに届くようにしていく予定です。,https://www3.nhk.or.jp/news/html/20170511/k10010976971000.html
33,k10010977141000,2017-05-11,北朝鮮が銀行にサイバー攻撃をしてお金を盗んだ可能性,北朝鮮が３０以上の国の銀行のコンピューターにサイバー攻撃をして、お金を盗んだ可能性が高いことがわかりました。コンピューターの安全を守る仕事をしているアメリカやロシアの会社が調べてわかりました。このうち、バングラデシュ中央銀行の事件では、悪いソフトウエアが入ったメールが銀行で働いている人に届きました。このソフトウエアが銀行のコンピューターに入って、８１００万ドルをフィリピンに送りました。お金は、ソフトウエアを送ったグループが受け取ったと考えられています。アメリカの会社によると、このソフトウエアに使われていたコードは、２０１４年に映画会社がサイバー攻撃されたときのコードと同じでした。アメリカのＦＢＩは、２０１４年の事件は北朝鮮が行ったと言っています。専門家は、北朝鮮がサイバー攻撃で核兵器やミサイルをつくるためのお金を集めていると心配しています。,https://www3.nhk.or.jp/news/html/20170511/k10010977141000.html
34,k10010977221000,2017-05-11,トランプ大統領がＦＢＩの長官をやめさせる,アメリカのトランプ大統領は９日、ＦＢＩの長官のコミーさんをやめさせました。そして、やめさせた理由は「いい仕事をしていなかったからです」と言っています。コミーさんは、大統領を選ぶ選挙のときトランプさんを応援していた人たちとロシアに関係があったかどうか調べていました。このため野党の民主党は、トランプ大統領はロシアとの関係を調べさせないために、コミーさんをやめさせたと言っています。与党の共和党の中にも、なぜ今コミーさんをやめさせたのかよくわからないと言う人がいます。アメリカのテレビや新聞は、コミーさんはロシアとの関係を調べるための予算を増やそうとして、やめさせられた可能性があると言っています。トランプ大統領がコミーさんをやめさせたことに反対する人が増えそうです。,https://www3.nhk.or.jp/news/html/20170511/k10010977221000.html
35,k10010976661000,2017-05-11,ラグビーのワールドカップ　試合をするグループが決まる,２０１９年にラグビーのワールドカップが初めて日本であります。北海道から九州まで１２の都市で４８の試合をします。この大会では、まず２０のチームが４つのグループに分かれて試合をします。１１日、どのグループに入るかを決める抽選がありました。日本はグループＡに入って、アイルランドやスコットランドなどと試合をすることになりました。世界のランキングで日本は１１番、アイルランドは４番、スコットランドは５番です。日本のコーチのジェイミー・ジョセフさんは「アイルランドもスコットランドも強いチームです。日本のみなさんが応援に来てくれたら、頑張ることができると思います」と話しています。,https://www3.nhk.or.jp/news/html/20170510/k10010976661000.html
36,k10010975761000,2017-05-11,「家ではリビングルームで勉強する」と答えた子どもが多い,東京大学とベネッセ教育総合研究所は去年、子どもたちが学校や塾以外でどこでよく勉強するか調べました。小学校１年生〜３年生の４９００人の親などと、小学校４年生〜高校３年生の１万１０００人が答えました。その結果「家族と一緒にいるリビングルームなどで勉強する」と答えた小学生は、１年生〜３年生では９０％以上、４年生〜６年生でも８０％以上いました。中学生は７０％〜６０％、高校生は５０％〜４０％でした。最近は、自分の部屋だけではなくてリビングルームも勉強する場所になっていることがわかりました。ベネッセ教育総合研究所は「親と子どもの関係が近くなって、中学生や高校生も親などのそばで勉強することが普通になっています。親なども、そばにいて子どもの勉強についてもっと知りたいと思っているようです」と話しています。,http://www3.nhk.or.jp/news/html/20170510/k10010975761000.html
37,k10010975121000,2017-05-11,東京駅にイスラム教の人が祈るための部屋が来月できる,イスラム教の人が多いインドネシアやマレーシアから、日本へ旅行に来る人が増えています。去年は前の年より３０％ぐらい増えました。このためＪＲ東日本は、イスラム教の人が祈るための部屋を東京駅の中に作ることにしました。６月５日からこの部屋を利用できます。部屋は、２人入ることができる広さで８m²ぐらいです。祈る前に手や足を洗うための水道もあります。ＪＲ東日本の社長は「インドネシアやマレーシアからは、これからもっと大勢の人が来ると思うので、祈る部屋などが必要だと考えました」と話しています。イスラム教の人が祈るための部屋は、羽田空港や成田空港、大阪駅の近くなどにもあります。,http://www3.nhk.or.jp/news/html/20170509/k10010975121000.html
38,k10010975861000,2017-05-10,韓国の新しい大統領はムン・ジェインさん,韓国では、前の大統領のパク・クネさんが大きな会社からお金をもらった疑いなどでやめさせられました。９日、新しい大統領を選ぶ選挙がありました。投票の結果、「共に民主党」という政党のムン・ジェインさんが新しい大統領になりました。ムンさんは「私を選ばなかった人たちのためにも働いて、みんなの大統領になります」と話しました。ソウルでまちの人たちに話を聞くと、５０歳ぐらいの男性は「ムンさんは今までの間違った社会を正しくできる人だと思います」と話しました。「中国やアメリカや日本との関係をよくしてほしいです」とか「若い人が仕事を見つけやすい社会にしてほしいです」と話す人もいました。日本の政府は、北朝鮮に核兵器やミサイルを作ることをやめさせるため、これからも韓国と協力することが大切だと考えています。安倍総理大臣は、新しい大統領のムンさんと早く会って話したいと言っています。,http://www3.nhk.or.jp/news/html/20170510/k10010975861000.html
39,k10010975011000,2017-05-10,気温が高い日が多くなる　熱中症に気をつけて,今年も気温が高い日が多くなってきました。総務省消防庁は熱中症で病院に運ばれた人が何人いるか毎年５月から調べています。今年の５月１日～７日の１週間には、４２２人が熱中症で病院に運ばれました。去年より９人多くなりました。４２２人の中で１人が亡くなって、１３５人が入院しました。病院に運ばれた人の４５％は６５歳以上でした。２７％は０歳〜１７歳の子どもでした。熱中症になった場所は、家の中や庭が３１％、屋根がない駐車場や運動場などが２１％でした。総務省消防庁は「今の季節は、まだ体が暑さに慣れていません。急に気温が上がると熱中症になりやすいので、気をつけてください」と言っています。下のウェブサイトには、熱中症にならないためにどうしたらいいかをやさしい日本語で書いてあります。http://www3.nhk.or.jp/news/easy/k10010922471000/k10010922471000.html,http://www3.nhk.or.jp/news/html/20170509/k10010975011000.html
40,k10010973821000,2017-05-10,福島県　フラダンスの新しいダンサーが練習を始める,福島県いわき市には、フラダンスのショーと温泉で有名なテーマパークがあります。このテーマパークに今年の春、１２人の新しいダンサーが入りました。８日からフラダンスの練習が始まって、１２人は音楽と一緒に、体や足を動かしました。フラダンスの経験がある人が多くて、踊り方は慣れています。しかし、毛糸のひもを使うニュージーランドのダンスは、なかなかうまくできなくて、先生の説明をしっかり聞いていました。いわき市の下田杏南さんは「小さいときからフラダンスのダンサーになりたいと思っていました。一生懸命頑張りたいです」と話していました。阿部真菜美さんは「楽しく踊ることができました。私のふるさとの秋田県の人にも見に来てほしいです」と話していました。１２人は、８月からショーに出ます。,http://www3.nhk.or.jp/news/html/20170508/k10010973821000.html
41,k10010974311000,2017-05-10,大和証券　年を取っても仕事を続けることができる,証券会社の大和証券グループ本社は、６０歳が定年になっています。客の注文で株を売ったり買ったりする「営業」の仕事をする人は、今は定年のあとも７０歳まで働くことができます。会社は今年の夏ごろから、７０歳を過ぎてもずっと仕事を続けることができるようにします。会社は、株で自分のお金を増やしたいと考えるお年寄りなどのため、仕事の経験が長い人にずっと働いてもらいたいと考えました。,http://www3.nhk.or.jp/news/html/20170509/k10010974311000.html
42,k10010973501000,2017-05-10,奈良公園で今年初めて鹿の赤ちゃんが生まれる,奈良市にある奈良公園にはたくさんの鹿がいます。７日の朝、奈良公園で今年初めて鹿の赤ちゃんが生まれました。赤ちゃんは、体の大きさが６６ｃｍ、重さは３５００ｇの雄で、元気に走っていました。奈良公園では、これから６月ごろまでに鹿の赤ちゃんが２００匹ぐらい生まれます。赤ちゃんを見つけた人は「けがや病気をしないで、元気で大きくなってほしいです」と話していました。,http://www3.nhk.or.jp/news/html/20170508/k10010973501000.html
43,k10010974721000,2017-05-09,いろいろな所で山が火事になる,最近雨があまり降っていないため、空気が乾いています。８日は風が強かったため、兵庫県や宮城県などいろいろな所で山の火事がありました。岩手県釜石市でも山の火事があって、４００ｈａぐらい焼けました。釜石市は火事を消すのは難しいと考えて、１３６軒の家に住んでいる３４８人に逃げるように言いました。９日は朝早くから自衛隊や岩手県などのヘリコプターが出て、火事を消そうとしています。気象庁は、東北地方ではこれからも空気が乾く日が続くため、火の使い方に気をつけるように言っています。,http://www3.nhk.or.jp/news/html/20170509/k10010974721000.html?utm_int=news-new_contents_list-items_025
44,k10010974491000,2017-05-09,北朝鮮が大学で働いているアメリカ人を捕まえる,北朝鮮は、ピョンヤン科学技術大学で働いているアメリカ人を５月６日に捕まえたと発表しました。北朝鮮は、このアメリカ人が北朝鮮に反対することをした疑いがあると言っています。北朝鮮は４月２２日にもピョンヤン科学技術大学で教えていたアメリカ人を捕まえました。今４人のアメリカ人が、北朝鮮でスパイなどをしたという理由で捕まっています。５月８日、アメリカの政府は記者たちに、捕まったアメリカ人を自由にしてもらうつもりだと話しました。アメリカは北朝鮮と国交がないため、北朝鮮にあるスウェーデンの大使館に協力してもらうと言っています。,http://www3.nhk.or.jp/news/html/20170509/k10010974491000.html
45,k10010974381000,2017-05-09,「パリ協定」のルールを決める会議が始まる,地球の気温が上がる原因になるガスを出さないようにするために国連で決めた「パリ協定」は、去年１１月に始まりました。ドイツのボンで８日、パリ協定に参加している１９０以上の国と地域が出席して、細かいルールを決めるための会議が始まりました。会議では参加する国が決めた通りにガスを減らしているかをチェックするためのルールなどを作る予定です。気温が上がる原因になるガスを世界で２番目にたくさん出しているアメリカは、前の大統領のときにパリ協定に参加することを決めました。しかし、トランプ大統領は選挙のとき、パリ協定から出ると言っていました。そして、パリ協定から出るかどうか、もうすぐ決めると言っています。会議では、多くの国の人たちが、アメリカはパリ協定から出ないでほしいと言いました。この会議は１８日まで続きます。,http://www3.nhk.or.jp/news/html/20170509/k10010974381000.html
46,k10010971381000,2017-05-09,去年６９歳で死んだ象の「はな子」の像ができる,東京都武蔵野市の動物園にいた雌の象の「はな子」は、去年５月に６９歳で死にました。はな子は、タイが日本にプレゼントした象で、とても人気がありました。はな子は、日本にいる象の中で最も長く生きた象でした。武蔵野市などは、はな子を忘れないでほしいと考えて、吉祥寺駅の前にはな子の像を作りました。５日、像ができたことをお祝いする式があって、３００人ぐらいが集まりました。像は長さが２ｍ５０ｃｍ、高さが１ｍ５０ｃｍで、鼻の先と１本の足を上げてあいさつをしているように見えます。像をデザインした笛田亜希さんは「はな子を好きだった皆さんや動物園の人たちに『はな子が帰ってきた』と思ってもらうことができたらうれしいです」と話していました。,http://www3.nhk.or.jp/news/html/20170505/k10010971381000.html
47,k10010973061000,2017-05-09,結婚したことがない５０歳の割合が今まででいちばん多くなる,国立社会保障・人口問題研究所は、国が５年に１回行う調査のデータを使って、５０歳の人のうち結婚したことがない人がどのくらいいるか調べました。２０１５年１０月１日に５０歳だった人を調べると、１回も結婚したことがない人は、男性は２３．３％で、女性は１４％でした。これは１９２０年に調査が始まってからいちばん多い割合です。結婚したことがない５０歳の割合がいちばん多い都道府県は、男性は沖縄県で２６．２％、女性は東京都で１９．２％でした。いちばん少ない都道府県は、男性は奈良県で１８．２％、女性は福井県で８．６％でした。国立社会保障・人口問題研究所は「若い人の調査でも『結婚するつもりはない』という人がだんだん増えています。これからも結婚したことがない人が増え続けると思います」と話しています。,http://www3.nhk.or.jp/news/html/20170508/k10010973061000.html
48,k10010973341000,2017-05-08,フランスの次の大統領は３９歳のマクロンさんに決まる,７日、フランスの次の大統領を選ぶ選挙がありました。４月の選挙で半分以上の票を集めた人がいなかったため、このとき１番票が多かったマクロンさんと、２番目のルペンさんの２人から選びました。マクロンさんは前の経済大臣で、ルペンさんは国民戦線という政党の代表でした。選挙の結果、マクロンさんが約６６％の票を集めて、大統領になることが決まりました。マクロンさんは、今までのフランスの大統領の中で１番若い３９歳です。マクロンさんは、フランスの経済をよくしながらＥＵとの関係をもっと強くしたいと考えています。選挙のあと、マクロンさんは「世界はフランスに自由を守ってほしいと思っています。ＥＵをよくするためにフランスも頑張らなければなりません」と言いました。,http://www3.nhk.or.jp/news/html/20170508/k10010973341000.html
49,k10010973171000,2017-05-08,オーストリア　ナチスの収容所で亡くなった人のために祈る,第２次世界大戦のとき、ドイツのナチスは、オーストリアにあったマウトハウゼン強制収容所でユダヤ人など１０万人以上を殺しました。ドイツが戦争に負けて、１９４５年５月に中にいた人たちは自由になりました。オーストリアで７日、亡くなった人のために祈る式がありました。収容所から生きて出ることができた人や亡くなった人の家族、いろいろな国の代表など７０００人が集まりました。式では、悲しい歴史を二度とつくってはいけないと２０のことばで誓ったあと、みんなで石碑に花をあげました。生きて出ることができたユダヤ人の８７歳の男性は「ナチスの時代の怖さを知っている人がいなくなることが心配です。今の社会は、ナチスが出てきた時代に似ていると思います」と話しました。,http://www3.nhk.or.jp/news/html/20170508/k10010973171000.html
50,k10010971841000,2017-05-08,福岡県の沖ノ島などが７月に世界文化遺産になりそう,国は去年「『神宿る島』宗像・沖ノ島と関連遺産群」をユネスコの世界文化遺産に推薦しました。福岡県宗像市にある沖ノ島という島や宗像大社という神社など８つの遺跡です。沖ノ島には、アジアの国と交流があった４世紀〜９世紀に船の安全を祈った祭りの遺跡などがそのまま残っています。ユネスコに協力しているイコモスは、この８つの遺跡を世界遺産にするかどうか調べました。イコモスは調べたあと、沖ノ島と近くの小屋島など４つは世界遺産にしたほうがいいとレポートを書きました。しかし、宗像大社など４つは世界遺産にする大切さはないと書きました。沖ノ島など４つの遺跡は、７月のユネスコの会議で世界文化遺産になりそうです。,https://www3.nhk.or.jp/news/html/20170506/k10010971841000.html
51,k10010967861000,2017-05-08,「こんろや電子レンジは火事にならないように掃除して」,製品の安全などを調べているＮＩＴＥによると、去年３月までの５年に、家のこんろや電子レンジなどの事故が９８９件ありました。２３人が火事で亡くなりました。事故の３０％以上は、油などで汚れたこんろを使ったため火が出たり、近くにあった燃えやすい物に火が移ったりしました。こんろが汚れて火がつきにくいため、何度もつけようとして、出ていたガスが燃えてやけどをした人もいました。電子レンジも油で汚れたままにしておくと、火が出る危険があります。ＮＩＴＥは、こんろや電子レンジなどは使ったあとに掃除してほしいと言っています。そして、こんろの近くには燃えやすい物を置かないように言っています。,http://www3.nhk.or.jp/news/html/20170501/k10010967861000.html
52,k10010967771000,2017-05-08,「母の日」の前に青や紫色のカーネーションを輸入,今年の「母の日」は５月１４日です。日本ではたくさんの人が母の日にカーネーションの花をお母さんにプレゼントします。成田空港には、外国から輸入するカーネーションの半分ぐらいが届きます。成田空港の近くにある会社は、南アメリカのコロンビアなどから青や紫色のカーネーションを輸入しています。カーネーションの花は普通、赤やピンク色です。この会社は２０年ぐらい前に青いカーネーションをつくって、コロンビアなどで育てて輸入しています。会社は母の日までに青いカーネーションを９０万本ぐらい輸入する予定です。,http://www3.nhk.or.jp/news/html/20170501/k10010967771000.html
53,k10010960241000,2017-05-05,アメリカの会社が「空を飛ぶ乗り物」を今年中に売る,アメリカのキティホークという会社が、ドローンのように「空を飛ぶ乗り物」をつくりました。この乗り物はオートバイのような形をしています。下には８つのプロペラがついていて、高さ５ｍぐらいまで上がって飛びます。重さは約１００ｋｇで、時速は４０ｋmぐらいまで出ます。会社はこの乗り物を今年中に売り始める予定です。アメリカでは免許などがなくても運転することができますが、会社は安全のために人がいない湖の上などだけで使うように言っています。飛行機をつくっているエアバスというヨーロッパの会社も、「空を飛ぶ乗り物」をつくって今年テストを行う予定です。,http://www3.nhk.or.jp/news/html/20170425/k10010960241000.html
54,k10010964381000,2017-05-05,宇宙ごみを片づける人工衛星を打ち上げる計画,宇宙には、使い終わった人工衛星の一部などの「宇宙ごみ」がたくさん残っていて問題になっています。東京都墨田区にある「アストロスケール」という新しい会社は、宇宙ごみを片づけるための研究をしています。２０１９年には、磁石を使って宇宙ごみを集めて、大気圏に入ったときに燃やすことができる人工衛星を打ち上げる計画です。これから新しく人工衛星を打ち上げるときには、金属の板を付けてもらうことにします。そして、磁石で簡単に宇宙ごみを集めるビジネスをしたいと考えています。川崎重工業など大きい会社も、宇宙ごみを片づける研究を進めると発表しています。,http://www3.nhk.or.jp/news/html/20170428/k10010964381000.html
55,k10010964251000,2017-05-05,ユナイテッド航空「席を譲った人に１万ドルまで払う」,アメリカで４月９日、ユナイテッド航空の飛行機が出発する前に、乗る人が席の数より多いことがわかりました。会社は、席を譲って別の飛行機に乗ってほしいと客に頼みましたが、１人が降りたくないと言いました。会社は空港の保安員を呼んで、この客を無理に降ろしたため、客は大きなけがをしました。このニュースを見た人たちは、会社はひどいことをしたと言いました。ユナイテッド航空は４月２７日、このようなことが二度とないように規則などを変えたと発表しました。会社は、飛行機を降りたくないという客がいても、保安員を呼んで無理に降ろすことは、もうしないと言いました。そして、別の飛行機に乗ってもいいという客には、そのために必要になったお金を１万ドルまで会社が払うことにしました。これは今までの７倍以上のお金です。ユナイテッド航空は「これからは、もっと客を大事にする会社にします」と言っています。,http://www3.nhk.or.jp/news/html/20170428/k10010964251000.html
56,k10010960591000,2017-05-05,花に自動で水や肥料をやる花壇を東京の工場などが作る,東京の葛飾区にある工場などのグループが、花に自動で水や肥料をやることができる花壇を作りました。この花壇には２００Ｌの水や肥料が入るタンクと、太陽の光から電気を作るパネルがついています。タイマーもついていて、決まった時間になると、花に水や肥料をやります。グループは、この花壇を葛飾区にある都立農産高校に置きました。生徒たちはこれから１年、いろいろな花を飾って、しっかりと育つかどうか調べます。生徒は「この花壇を使って、どうすれば花が元気に育つか調べたいです」と話していました。葛飾区はこの花壇をまちに置いたり、イベントなどで使ったりしたいと考えています。,http://www3.nhk.or.jp/news/html/20170425/k10010960591000.html
57,k10010964371000,2017-05-05,京都の鴨川で涼しく食事を楽しむ「納涼床」が始まる,京都の鴨川で、暑い季節に川で涼しく食事や酒を楽しむ「納涼床」が５月から始まりました。鴨川の河原には、日本料理の店やレストランなどがつくった「床」が１００ぐらい並んでいます。床はベランダのようになっていて、ここで食事などができます。客は、着物を着た芸妓や舞妓にお酒を入れてもらって、食事などを楽しんでいました。鴨川の納涼床は９月３０日までです。,http://www3.nhk.or.jp/news/easy/k10010964371000/k10010964371000.html
58,k10010960061000,2017-05-05,栃木県　川の近くに３００匹の「あゆのぼり」を飾る,日本では５月５日は子どもの日で、男の子が元気に育つように「こいのぼり」を飾っています。こいのぼりは、こいという魚の形をしていて、布や紙で作ります。栃木県大田原市の那珂川は、あゆという魚がたくさん来ることで有名な川です。川の近くにある水族館は毎年、あゆの形をした長さ２ｍぐらいの「あゆのぼり」を飾ります。今年も、水族館の外に３００匹のあゆのぼりを飾りました。風が吹くと、空を泳いでいるように見えます。水族館は、７月２日まであゆのぼりを飾ります。,http://www3.nhk.or.jp/news/html/20170425/k10010960061000.html?utm_int=nsearch_contents_search-items_001
59,k10010959041000,2017-05-05,多摩動物公園「チーターの３匹の赤ちゃんを見に来て」,東京都の多摩動物公園で、２月にチーターの赤ちゃんが同じお母さんから３匹生まれました。雄が２匹で、雌が１匹です。いまチーターは世界で数が少なくなっていて、多摩動物公園はほかの動物園などと協力してチーターを増やしたいと考えています。３匹を大事に育ててきましたが、重さが３.５ｋｇぐらいになって丈夫になってきたため、４月からみんなに見せています。３匹は元気に走ったり一緒に遊んだりしています。たくさんの人たちが「かわいい」などと言って見ていました。多摩動物公園の人は「元気な３匹をぜひ見に来てください」と話していました。,http://www3.nhk.or.jp/news/html/20170424/k10010959041000.html
60,k10010968561000,2017-05-02,アメリカ　「韓国でＴＨＡＡＤを使う準備ができた」,アメリカと韓国は、北朝鮮が発射したミサイルを落とすことができる「ＴＨＡＡＤ」という新しいシステムを韓国に置くことにしています。アメリカは４月２６日からＴＨＡＡＤに使うレーダーなどを運んでいました。アメリカの政府は５月１日、ＴＨＡＡＤの一部を使う準備ができたと言いました。アメリカと韓国は、北朝鮮が４月２９日にミサイルを発射して失敗したと言っています。北朝鮮は去年からミサイルを３０発以上発射しています。中国は、ＴＨＡＡＤを使うと中国の軍の様子も見ることもできると言って、韓国に置くことに反対しています。,http://www3.nhk.or.jp/news/html/20170502/k10010968561000.html
61,k10010967581000,2017-05-02,日本を紹介する「ジャパン・ハウス」がブラジルにできる,日本の政府は、日本の文化や、領土と歴史などについて外国に伝える「ジャパン・ハウス」をブラジルのサンパウロに作りました。４月３０日、ジャパン・ハウスができたお祝いの式がありました。式には、麻生副総理大臣やブラジルの大統領、日本からブラジルに移住した人の子どもや孫など２００人が出席しました。ジャパン・ハウスの建物の外の壁は、木で飾ってあります。建物の中には、日本に昔からある技術で作った竹の大きな置物や、沖縄で昔から作っている布などが飾ってあります。日本の政府はイギリスのロンドンとアメリカのロサンゼルスにもジャパン・ハウスを作る予定です。,http://www3.nhk.or.jp/news/html/20170501/k10010967581000.html
62,k10010966941000,2017-05-02,「クールビズ」の季節　デパートが新しい商品を売り始める,「クールビズ」は、暑い季節に冷房をあまり使わないように仕事でも涼しい服を着たりすることで、今年も５月１日から始まりました。上着やネクタイをやめて、涼しい格好をする人が増えるため、いろいろなデパートがクールビズの売り場を作っています。東京都豊島区にあるデパートは、大事な仕事のときはネクタイの代わりにポケットチーフをしたらどうかと考えました。今年はポケットチーフを今までの２倍用意しました。店の人は３０００円〜５０００円の物がよく売れると言っています。中央区にあるデパートでは、クールビズでも上着を着たい人のために、絹などを使って普通より１００ｇ以上軽い上着を売り始めました。この上着は水で洗うこともできます。デパートは、クールビズの新しい商品を置いて、服などをたくさん売りたいと考えています。,http://www3.nhk.or.jp/news/easy/k10010966941000/k10010966941000.html
63,k10010967481000,2017-05-02,噴火の可能性がある山に登るときの注意をビデオにする,日本には噴火する可能性がある火山が１００以上あります。これからの季節は山に登る人が多くなるため、政府は山に登るときに注意しなければならないことをビデオにしました。このビデオは、本当の噴火を撮ったビデオやＣＧを使って、山が噴火するとどうなるか説明しています。大きな石が飛んできたり、熱い石や灰が降ってきたりして危険なことがわかります。ビデオでは、山に登る前に、気象庁のホームページなどでその山が噴火する可能性があるかどうか知っておくことが必要だと言っています。ヘルメットを持っていくことや、「防災マップ」などで逃げる場所を調べておくことも大事です。そして、通る道などの計画を書いた「登山届け」を登る前に出すように言っています。ビデオは内閣府のホームページで見ることができます。,http://www3.nhk.or.jp/news/html/20170501/k10010967481000.html
64,k10010965781000,2017-05-01,原宿などの店が災害についての英語のパンフレットを作る,日本に来た外国人が、地震などの災害が起こったときに何をしたらいいか、英語で書いたパンフレットができました。外国人がたくさん来る東京の原宿や表参道にある店の人たちが作りました。店や観光案内所などに置いてあります。パンフレットには、地震のときは揺れが止まるまで机の下に入って待つことなど、安全を守るための方法が漫画で説明してあります。パンフレットの中の原宿や表参道の周りの地図には、避難する場所が書いてあります。帰ることができない場合に、しばらくいることができる建物なども書いてあります。パンフレットを作った人は「災害が起こったときに、何をしたらいいかわからない外国人も多いと思います。ほかの町でも同じようなパンフレットができるといいと思います」と話しています。,http://www3.nhk.or.jp/news/html/20170429/k10010965781000.html
65,k10010967361000,2017-05-01,日本で生まれて育った３頭のパンダが中国へ行く,和歌山県白浜町にある動物園「アドベンチャーワールド」で生まれて育った３頭のパンダが、中国へ行くことになりました。３頭は、６歳で双子の雄の「海浜」と雌の「陽浜」、４歳の雌の「優浜」です。６月に中国の成都市のパンダを増やすための施設に行きます。体に問題がないかチェックをするため、５月１日から動物園で３頭を見ることができなくなりました。４月３０日は大勢の人が来て、３頭の写真を撮っていました。「優浜」という名前を考えた１人だという男性は「とても寂しいですが、中国へ行っても元気でいてほしいです」と話していました。３頭は、６月４日のお別れ会のあと、５日に飛行機で中国へ行く予定です。,http://www3.nhk.or.jp/news/html/20170501/k10010967361000.html
66,k10010963191000,2017-05-01,大型連休に山に登るときは「雪崩に気をつけて」,大型連休には毎年、山で雪崩の事故が起きています。このため、国の役所のスポーツ庁は都道府県や大学、高校などに雪崩に十分に気をつけるように言いました。スポーツ庁によると、山は天気が変わりやすいため、大型連休のころでも強い吹雪になることがあります。山を登る道の周りに雪が残っていることもあります。このため、山にある雪や天気などをよく調べて、安全に登る計画を考えることが大切です。寒くなっても大丈夫な服や、自分がいる場所を電波で知らせるビーコンという小さな機械、雪を掘るシャベルなども必要です。山に登っているときも天気や周りの様子をチェックして、危険だと思ったらすぐ山を下りるようにスポーツ庁は言っています。,http://www3.nhk.or.jp/news/html/20170427/k10010963191000.html
67,k10010963641000,2017-05-01,笑いは「がん」の治療の役に立つかどうか研究する,笑うと、ストレスが少なくなるなど体にいいことがあると言われています。大阪国際がんセンターは、笑いが「がん」の治療の役に立つかどうか調べる研究を始めます。研究では、がんになって病院に通っている７０人に、面白い落語や漫才などを見てもらいます。全部見たグループと半分だけ見たグループを比べて、体の免疫などに違いがあるかどうか調べます。研究に協力する落語家の桂文珍さんは「がんになった人の役に立つといいなと思って、一生懸命やります。笑って痛みを忘れてほしいと思います」と話していました。この研究の結果は、専門の雑誌に発表する予定です。,http://www3.nhk.or.jp/news/html/20170427/k10010963641000.html
68,k10010964261000,2017-04-28,安倍総理大臣がロシアでプーチン大統領と会う,安倍総理大臣は日本の時間で２７日、ロシアのモスクワでプーチン大統領と会いました。２人は、北方領土の問題などを３時間以上話し合いました。その結果、北方領土で日本とロシアが協力して仕事をするために、両方の国の政府と会社が一緒に調査をすることに決まりました。早い場合は、来月に調査を行います。会社も一緒に調査に行くと、仕事の計画を立てやすくなります。そのほか、第２次世界大戦の前に北方領土の島に住んでいた人が、島に残っている墓に行くことについても話し合いました。今までは船で行っていましたが、６月に飛行機で行くことができるようにしました。話し合いのあと、２人は記者たちの前で話をしました。安倍総理大臣は「プーチン大統領と一緒に、北方領土や平和条約の問題を解決したいです」と言いました。プーチン大統領は「日本はロシアの大切なパートナーです。日本と一緒に、難しい問題を解決することができると思います」と言いました。,http://www3.nhk.or.jp/news/html/20170428/k10010964261000.html
69,k10010963911000,2017-04-28,探査機の「カッシーニ」が初めて土星と輪の間に入る,「カッシーニ」は、土星を調べるためにＮＡＳＡなどが作った探査機で、１９９７年に打ち上げられました。日本の時間で４月２６日、カッシーニが初めて土星と輪の間に入っていきました。カッシーニは土星から３０００ｋmぐらいの所を、時速１２万ｋm以上で通りました。カッシーニが送ってきた写真には、大きな土星の大気の渦が写っています。ＮＡＳＡによると、これは今まででいちばん近くから撮った土星の写真です。カッシーニは土星と輪の間に全部で２２回入って、９月に仕事が終わる予定です。,http://www3.nhk.or.jp/news/html/20170427/k10010963911000.html
70,k10010961851000,2017-04-28,卒業する学生より会社が雇いたい人の数が来年も多い,リクルートホールディングスは、働いている人が５人以上いる７０００の会社に、来年大学や大学院を卒業する学生を何人雇うか聞きました。６０%ぐらいの会社が答えました。リクルートは、会社が雇いたい人の数と来年卒業する学生の数を比べました。その結果、会社が雇いたい人の数が学生の数の１．７８倍になりました。この倍率は、６年続けて前の年より高くなりました。倍率がいちばん高いのは、スーパーやコンビニなどの流通業で、１１．３２倍でした。次に高いのは、建物などをつくる建設業で９．４１倍でした。どちらも今まででいちばん高くなりました。リクルートの人は「学生は、流通業や建設業は仕事が厳しいとか、働く時間が長いというイメージを持っています。このため、入りたいと思う学生が少ないようです」と話しています。,http://www3.nhk.or.jp/news/html/20170426/k10010961851000.html
71,k10010962051000,2017-04-28,ＪＲ東日本が新しい豪華な列車を紹介する,ＪＲ東日本は、豪華な寝台列車の「トランスイート四季島」を５月１日から運転します。この列車は、東京の上野駅を出発して、東北地方や北海道などを回ります。ベッドがある部屋やレストランなどがあって、ホテルのように泊まりながら旅行ができます。４月２６日、テレビや新聞などに紹介するため、この列車が上野駅と宇都宮駅の間を走りました。いちばん前といちばん後ろの車両には天井まで大きな窓があって、ソファーに座って周りの景色を見ることができます。ピアノを聞きながらお酒を飲むことができる車両もあります。いちばん値段が高い部屋は２階建てで、１階にベッドがあって、２階は和室です。ひのきを使った風呂もあります。ＪＲ東日本によると、この列車の切符は３２万円〜１１５万円で高いですが、来年３月まで全部売れました。,http://www3.nhk.or.jp/news/html/20170426/k10010962051000.html
72,k10010962611000,2017-04-27,「はしかにならないように外国に行く人は気をつけて」,「はしか」は熱が出たり体に赤い点が出たりする病気で、ウイルスでうつります。妊娠している人がなると、おなかの赤ちゃんが危険になる場合があります。国立感染症研究所によると、１月１日〜４月１６日に病院などではしかだとわかった人は１３９人います。この中の２１人は外国に行ったことがある人で、特にアジアの国が多いです。国立感染症研究所は、これから始まる大型連休で特にアジアに行く人は、はしかにならないように気をつけてほしいと言っています。外国に行く前に、自分がはしかのワクチンをいつ注射したか調べるように言っています。日本に帰ってきて熱が出たり体に赤い点が出たりしたら、病院に行くように言っています。ほかの人にうつさないように、病院に行く前にまず電話で説明をして、電車やバスなどを使わないで行ってほしいと言っています。,http://www3.nhk.or.jp/news/html/20170427/k10010962611000.html
73,k10010961781000,2017-04-27,広島の原爆資料館　新しくなった東館がオープン,広島市にある原爆資料館の東館は、地震で建物が壊れないように工事をするため、休んでいました。２６日、工事が終わった東館がオープンして、展示も新しくなりました。原爆で町が一瞬で壊れる様子をコンピューターの映像で見ることができます。そのほか、原爆の熱で溶けた瓶や瓦が展示してあって、触ることもできます。原爆資料館に来た人は「よく整理して展示してあって、わかりやすかったです」と話していました。原爆資料館の本館は、工事をするため４月２６日から来年の夏まで休みます。,http://www3.nhk.or.jp/news/html/20170426/k10010961781000.html
74,k10010959871000,2017-04-27,「メルカリ」などでお金を売ることを禁止する,スマートフォンの「メルカリ」というアプリでは、使わなくなった物などを簡単に売ったり買ったりすることができます。メルカリでは最近、１万円札５枚を５万９０００円など、お金を高く売る人が増えて問題になっています。この問題について「生活に困っている人などが、クレジットカードで簡単にお金を買うことができる」と言う人もいました。このためメルカリの会社は、お金を売ることを禁止しました。金融庁は「インターネットなどでお金を高く売ることは、お金を貸すことと同じになる可能性があります。許可をもらわないでお金を貸すと法律に違反します」と言っています。,http://www3.nhk.or.jp/news/html/20170424/k10010959871000.html?utm_int=nsearch_contents_search-items_003
75,k10010960671000,2017-04-27,小学校の授業でパラリンピックのスポーツを教える,２０２０年に東京でパラリンピックがあります。パラリンピックを開く委員会のＩＰＣなどは、体などに障害がある人たちのスポーツを子どもたちに知ってもらうために本やビデオを作りました。そして今月、日本の全部の小学校に送りました。２５日、東京都東久留米市にある小学校の６年生のクラスで、この本やビデオを使った授業がありました。子どもたちはまず、去年のパラリンピックのビデオを見ました。そして、体などに障害がある人たちのスポーツでは、どんな道具を使っていてどんなルールになっているかを勉強しました。そのあと子どもたちは体育館に行って、座ったままでするバレーボールの「シッティングバレーボール」をしてみました。クラスの男の子は「仲間にボールを優しくパスすることが大事だと思いました」と話していました。,http://www3.nhk.or.jp/news/html/20170425/k10010960671000.html?utm_int=nsearch_contents_search-items_003
76,k10010961561000,2017-04-26,北朝鮮「軍ができてから最も大きな訓練を行った」,北朝鮮は１９３２年４月２５日を軍ができた日に決めています。この日から８５年になった２５日、北朝鮮は軍が今までで最も大きな訓練を行ったと発表しました。北朝鮮によると、訓練では海岸に３００以上の大砲を並べて一度に発射しました。海の中で潜水艦から攻撃する訓練や、空から飛行機で攻撃する訓練も行いました。北朝鮮は、自分たちは核兵器やミサイルなどを使って、アメリカや韓国などを攻撃することができるなどと言っています。アメリカと韓国の軍は、３月から韓国で一緒に訓練を行っています。２つの国は、北朝鮮から国を守るため、アメリカの新しいミサイルの「ＴＨＡＡＤ」を韓国に置くことにしています。２６日にはＴＨＡＡＤの一部を運びました。,http://www3.nhk.or.jp/news/html/20170426/k10010961561000.html?utm_int=nsearch_contents_search-items_001
77,k10010960431000,2017-04-26,電通が大阪などでも社員を長い時間働かせていた,広告の会社の「電通」で２０１５年、社員の女性が自殺しました。会社が女性を長い時間働かせたことが原因です。法律では、残業する時間などは会社と労働組合が相談して決めることになっています。厚生労働省は、電通がほかにも決めた時間より社員を長く働かせて、法律に違反している可能性があると考えて調べました。その結果、大阪と名古屋と京都にある３つの事務所で、５人の社員を長く働かせたことが法律に違反している可能性がありました。残業は１か月に１００時間までだと決めていましたが、１０５時間になったこともありました。しかし、上司は社員に働いた時間を少なく言うように命令していました。東京にある本社でも、１０人の社員を長く働かせた可能性がありましたが、法律に違反している証拠は見つかりませんでした。,http://www3.nhk.or.jp/news/html/20170425/k10010960431000.html?utm_int=nsearch_contents_search-items_001
78,k10010960041000,2017-04-26,２０２５年の万国博覧会を大阪府で開きたい,２０２５年に世界の国が参加する万国博覧会があります。日本の政府は２４日、この博覧会を大阪府の海の近くで開きたいと博覧会の事務所のＢＩＥに伝えました。政府は、２０２５年５月〜１１月に博覧会を開く計画で、日本や外国から３０００万人ぐらいが来ると考えています。フランスも去年、この博覧会をパリの近くで開きたいとＢＩＥに伝えました。ロシアも自分の国で開きたいと考えているようです。ＢＩＥに伝えたあと、大阪府の松井知事は「フランスに負けないように頑張ります」と言いました。２０２５年の博覧会をどこで開くかは、来年秋にＢＩＥの会議で決まります。,http://www3.nhk.or.jp/news/html/20170425/k10010960041000.html
79,k10010959791000,2017-04-26,埼玉県秩父市　シバザクラの花がたくさん咲く,埼玉県秩父市の羊山公園で今、シバザクラの花がきれいに咲いています。公園には、１万８０００m²ぐらいの場所に４０万本のシバザクラがあります。ピンクや白などの２ｃｍぐらいの花がたくさん咲いていて、きれいな色のじゅうたんのようです。見に来た女性は「思っていたより広くてすばらしい景色で、感動しました」と話していました。秩父市のシバザクラは５月上旬ごろまで楽しむことができます。,http://www3.nhk.or.jp/news/html/20170424/k10010959791000.html
80,k10010959141000,2017-04-25,フランスの大統領　マクロンさんとルペンさんの２人から選ぶ,フランスで２３日、大統領を選ぶ選挙がありました。選挙には１１人が出ました。前に経済大臣をしていたマクロンさんが２４％で、いちばん多くの票を集めました。次は、国民戦線という政党の代表のルペンさんで２１％でした。半分以上の票を集めた人がいなかったため、この２人から大統領を選ぶ選挙を５月７日に行います。マクロンさんはＥＵとの関係をもっと強くしたいと考えていて、フランスに移民や難民を入れることに賛成しています。ルペンさんはＥＵに反対していて、移民を入れないようにすると言っています。フランスのテレビ局が、次の選挙で２人のどちらを選ぶか質問すると、マクロンさんと答えた人が６２％で、ルペンさんと答えた人は３８％でした。,http://www3.nhk.or.jp/news/html/20170424/k10010959141000.html
81,k10010959241000,2017-04-25,今年最初にとれたお茶　最も高いのは１ｋｇで１０８万円,１年で最初にとれるお茶はとても香りがいいため、人気があります。お茶で有名な静岡市の市場で２４日、今年最初にとれたお茶の競りがありました。いつもの年は、機械を使って作ったお茶がほとんどです。今年は人が手で作ったお茶もあって、１ｋｇで１０８万円になりました。これは今までで最も高い値段です。機械で作ったお茶の中では、１ｋｇで８万８８００円が最も高い値段になりました。市場の人は、今年は２月から寒い日が続いてお茶の葉が育つのが遅れましたが、やわらかくていい葉がとれたと言っています。,http://www3.nhk.or.jp/news/html/20170424/k10010959241000.html
82,k10010958121000,2017-04-25,イギリス　古いピアノの中から金貨が９１３枚見つかる,イギリスに住む夫婦は、３０年以上持っていた古いピアノを去年の夏、シュロップシャーにある大学に贈りました。そのあと、ピアノの音をチェックする人が、ピアノを開けて中を調べると、布の袋７つと革の袋１つが見つかりました。袋の中には金貨がたくさん入っていました。この人は「金貨が入っているとは全然思っていなかったので、びっくりしました」と話しています。金貨は全部で９１３枚で重さは６ｋｇ以上です。日本のお金で４２００万円〜５６００万円の可能性があります。大英博物館が金貨を調べると、１００年以上前につくられたものだとわかりましたが、誰が、どうしてピアノの中に入れたかはわかっていません。金貨が見つかったあと、自分の物だと言っている人が５０人ぐらいいます。,http://www3.nhk.or.jp/news/html/20170423/k10010958121000.html?utm_int=nsearch_contents_search-items_001
83,k10010958401000,2017-04-25,日光東照宮の庭などの石をひっくり返して掃除する,栃木県日光市にある日光東照宮と輪王寺は、世界遺産になっています。２３日、この神社と寺の庭などに敷いてある栗石という石をひっくり返して掃除する行事がありました。「栗石返し」という行事で、江戸時代から毎年行っています。日光東照宮には町の人３０００人が集まって、石を１つ１つ手でひっくり返して、石の間の葉やごみなどを取ってきれいにしました。石と石が当たる音がして、神社を見に来た人たちが珍しそうに見ていました。掃除は２時間ぐらいで終わって、２ｔのトラック３台のごみが集まりました。毎年掃除に来ている男性は「いつもは見ることができない所などに入ることができます。昔からの行事に参加できてうれしいです」と話していました。,http://www3.nhk.or.jp/news/html/20170423/k10010958401000.html
84,k10010958491000,2017-04-24,原子力発電所の事故から６年　村に戻って店をまた始める,福島県飯舘村は６年前、原子力発電所の事故で住むことができなくなりました。村の人たちは別の市や町で生活をしていますが、先月国が戻ってもいいと言って飯館村に住むことができるようになりました。高橋義治さんは飯館村で６０年続くうどんの店をしていました。村を出たあと別の市で店をしていましたが、村に戻ってまた店を始めることにしました。２３日午前１１時に店が開くと、村に戻る準備をしている人などが来ました。みんな久しぶりに村で食べるうどんを楽しみました。飯館村ではまだ食堂などの店が始まっていなくて、高橋さんの店が最初です。うどんを食べた女性は「前と変わらない味でとてもおいしいです。村に食堂があるのはうれしいです」と話していました。,http://www3.nhk.or.jp/news/html/20170423/k10010958491000.html
85,k10010958581000,2017-04-24,北海道でも桜が咲き始める　いちばん南の松前町が発表,北海道のいちばん南にある松前町は、１万本の桜の木がある公園が有名で、大勢の人が桜の花を見に来ます。毎年松前町は公園の桜を調べて花が咲くと、みんなに知らせています。２３日、ソメイヨシノという桜の花が５つ咲いていることがわかって、松前町は「桜が咲きました」と発表しました。今年はいつもの年より７日早く咲きました。２３日は天気がよくて、公園に来た人は咲いたばかりの桜の前で写真を撮っていました。公園を案内する人は「いろいろな種類の桜があって、それぞれ咲くころが違います。ぜひ楽しんでください」と話していました。今年、桜は３月２１日にいちばん早く東京で咲きました。これから北海道のいろいろな所で咲き始めます。,http://www3.nhk.or.jp/news/html/20170423/k10010958581000.html
86,k10010955691000,2017-04-24,正方形の写真を撮って友達に見せる人が増える,今まで、写真の形は縦か横に長い長方形が普通でした。しかし、最近、インターネットで正方形の写真を友達などに見せることができる「インスタグラム」が若い人に人気です。正方形の写真を撮る人が増えているため、カメラなどの会社が新しいサービスを始めています。富士フイルムは、写真を正方形の紙にプリントできるサービスを始めました。今までは正方形の写真も長方形の紙にプリントしていたため、右と左に白い部分ができていました。東京の渋谷にある店では、正方形の写真をプリントする人が去年の２倍ぐらいに増えています。この会社は、新しいカメラも作りました。写真を撮ると、すぐにカメラから正方形の写真のプリントが出てくる「インスタントカメラ」です。このカメラを来月から売り始める予定です。,http://www3.nhk.or.jp/news/html/20170420/k10010955691000.html
87,k10010955991000,2017-04-24,「生活に満足しているか」　世界の１５歳に聞く,ＯＥＣＤは、世界の１５歳の子どもたちに「生活にどのくらい満足しているか」を聞いて、０〜１０の数字で答えてもらいました。とても満足している場合は１０です。日本の高校１年生も６６００人ぐらい答えました。日本の子どもたちの平均は６．８で、この質問に答えた４７の国や地域の中で４３番目でした。平均が高かったのはドミニカ共和国やメキシコ、オランダなどでした。東アジアの韓国や台湾、香港などは日本より低くなっていました。「テストがどのくらい心配か」を聞くと、答えた５６の国の中で、日本は１５番目に高くなりました。「テストで悪い点をとることを心配している」と答えた日本の子どもは８２％もいました。専門家は「日本や東アジアの国では、テストでいい点をとって、レベルが高い学校に入ることが大事だという考え方が強いと思います。このため、生活に満足する子どもがほかの国より少ないのかもしれません」と言っています。,http://www3.nhk.or.jp/news/html/20170421/k10010955991000.html
